{"version":1,"lastusedid":440,"stuname":"ddd","stuID":"123","finger":"817f715c9e0592de63b7730971457046","elements":[{"version":1,"id":2,"type":"computer","drawable":{"version":1,"id":6,"X":90,"Y":27},"connectable":{"version":1,"id":3,"connectors":[{"version":1,"id":5}],"macaddresses":["AB:2E:79:FC:7C:70"],"ipinfos":[{"IPv4":-1062731420,"DNS1":1095773443,"DNS2":null,"netmask":-256,"static":true}],"macmode":1,"ipmode":1,"trafficManager":{"version":1,"id":4,"limitbroadcast":true,"performNAT":false,"NATtable":[]},"gateways":{"defaultgw":"192.168.1.1","gateways":[]},"performNAT":false},"ports":1,"apps":[{"app":{"version":1,"id":"DHCPClient","ifacepos":0},"port":-1,"fixed":false,"type":"DHCPClient","ifacepos":0},{"app":{"version":1,"id":"DNSClient","ifacepos":0},"port":-1,"fixed":false,"type":"DNSClient","ifacepos":0},{"app":{"version":1,"id":"HTTPClient","ifacepos":0},"port":-1,"fixed":false,"type":"HTTPClient","ifacepos":0}],"name":"computer 2","group":"Home A"},{"version":1,"id":8,"type":"computer","drawable":{"version":1,"id":12,"X":94,"Y":127},"connectable":{"version":1,"id":9,"connectors":[{"version":1,"id":11}],"macaddresses":["1B:40:DC:A3:C2:DB"],"ipinfos":[{"IPv4":null,"DNS1":null,"DNS2":null,"netmask":null,"static":false}],"macmode":1,"ipmode":1,"trafficManager":{"version":1,"id":10,"limitbroadcast":true,"performNAT":false,"NATtable":[]},"gateways":{"defaultgw":"192.168.1.1","gateways":[]},"performNAT":false},"ports":1,"apps":[{"app":{"version":1,"id":"DHCPClient","ifacepos":0},"port":-1,"fixed":false,"type":"DHCPClient","ifacepos":0},{"app":{"version":1,"id":"DNSClient","ifacepos":0},"port":-1,"fixed":false,"type":"DNSClient","ifacepos":0},{"app":{"version":1,"id":"HTTPClient","ifacepos":0},"port":-1,"fixed":false,"type":"HTTPClient","ifacepos":0}],"name":"computer 8","group":"Home A"},{"version":1,"id":14,"type":"dhcpserver","drawable":{"version":1,"id":18,"X":210,"Y":26},"connectable":{"version":1,"id":15,"connectors":[{"version":1,"id":17}],"macaddresses":["8D:83:8B:6F:B6:28"],"ipinfos":[{"IPv4":-1062731518,"DNS1":null,"DNS2":null,"netmask":-256,"static":true}],"macmode":1,"ipmode":1,"trafficManager":{"version":1,"id":16,"limitbroadcast":true,"performNAT":false,"NATtable":[]},"gateways":{"defaultgw":"192.168.1.1","gateways":[]},"performNAT":false},"ports":1,"apps":[{"app":{"version":1,"id":"DHCPServer","ifacepos":0,"initial":"100","end":"200","gateway":"192.168.1.1","dns1":"65.80.45.3","dns2":""},"port":67,"fixed":true,"type":"DHCPServer","ifacepos":0}],"name":"dhcpserver 14","group":"Home A"},{"version":1,"id":20,"type":"switch","drawable":{"version":1,"id":31,"X":195,"Y":135},"connectable":{"version":1,"id":21,"connectors":[{"version":1,"id":23},{"version":1,"id":24},{"version":1,"id":25},{"version":1,"id":26},{"version":1,"id":27},{"version":1,"id":28},{"version":1,"id":29},{"version":1,"id":30}],"macaddresses":["ED:0B:A8:F1:C6:E9"],"ipinfos":[],"macmode":0,"ipmode":2,"trafficManager":{"version":1,"id":22,"limitbroadcast":false,"performNAT":false,"NATtable":[]},"gateways":{"defaultgw":null,"gateways":[]},"performNAT":false},"ports":8,"apps":[],"name":"switch 20","group":"Home A"},{"version":1,"id":33,"type":"router","drawable":{"version":1,"id":38,"X":177,"Y":195},"connectable":{"version":1,"id":34,"connectors":[{"version":1,"id":36},{"version":1,"id":37}],"macaddresses":["03:4E:2E:59:A8:6E","C3:6A:42:8D:49:C4"],"ipinfos":[{"IPv4":1095773441,"DNS1":null,"DNS2":null,"netmask":-256,"static":true},{"IPv4":-1062731519,"DNS1":null,"DNS2":null,"netmask":-256,"static":true}],"macmode":1,"ipmode":1,"trafficManager":{"version":1,"id":35,"limitbroadcast":true,"performNAT":true,"NATtable":[]},"gateways":{"defaultgw":"65.80.45.4","gateways":[]},"performNAT":true},"ports":2,"apps":[],"name":"router 33","group":"Home A"},{"version":1,"id":48,"type":"switch","drawable":{"version":1,"id":59,"X":326,"Y":257},"connectable":{"version":1,"id":49,"connectors":[{"version":1,"id":51},{"version":1,"id":52},{"version":1,"id":53},{"version":1,"id":54},{"version":1,"id":55},{"version":1,"id":56},{"version":1,"id":57},{"version":1,"id":58}],"macaddresses":["9A:4E:60:93:94:52"],"ipinfos":[],"macmode":0,"ipmode":2,"trafficManager":{"version":1,"id":50,"limitbroadcast":false,"performNAT":false,"NATtable":[]},"gateways":{"defaultgw":null,"gateways":[]},"performNAT":false},"ports":8,"apps":[],"name":"switch 48","group":"Provider A"},{"version":1,"id":63,"type":"router","drawable":{"version":1,"id":68,"X":188,"Y":320},"connectable":{"version":1,"id":64,"connectors":[{"version":1,"id":66},{"version":1,"id":67}],"macaddresses":["FE:B8:5D:5C:21:A0","CF:3A:F1:0B:EA:78"],"ipinfos":[{"IPv4":1095773442,"DNS1":null,"DNS2":null,"netmask":-256,"static":true},{"IPv4":167772161,"DNS1":null,"DNS2":null,"netmask":-256,"static":true}],"macmode":1,"ipmode":1,"trafficManager":{"version":1,"id":65,"limitbroadcast":true,"performNAT":true,"NATtable":[]},"gateways":{"defaultgw":"56.11.10.1","gateways":[]},"performNAT":true},"ports":2,"apps":[],"name":"router 63","group":"Home B"},{"version":1,"id":72,"type":"switch","drawable":{"version":1,"id":83,"X":89,"Y":330},"connectable":{"version":1,"id":73,"connectors":[{"version":1,"id":75},{"version":1,"id":76},{"version":1,"id":77},{"version":1,"id":78},{"version":1,"id":79},{"version":1,"id":80},{"version":1,"id":81},{"version":1,"id":82}],"macaddresses":["BF:02:54:D7:29:39"],"ipinfos":[],"macmode":0,"ipmode":2,"trafficManager":{"version":1,"id":74,"limitbroadcast":false,"performNAT":false,"NATtable":[]},"gateways":{"defaultgw":null,"gateways":[]},"performNAT":false},"ports":8,"apps":[],"name":"switch 72","group":"Home B"},{"version":1,"id":87,"type":"computer","drawable":{"version":1,"id":91,"X":89,"Y":419},"connectable":{"version":1,"id":88,"connectors":[{"version":1,"id":90}],"macaddresses":["FC:DF:76:49:B3:6C"],"ipinfos":[{"IPv4":167772162,"DNS1":1095773443,"DNS2":null,"netmask":-256,"static":true}],"macmode":1,"ipmode":1,"trafficManager":{"version":1,"id":89,"limitbroadcast":true,"performNAT":false,"NATtable":[]},"gateways":{"defaultgw":"10.0.0.1","gateways":[]},"performNAT":false},"ports":1,"apps":[{"app":{"version":1,"id":"DHCPClient","ifacepos":0},"port":-1,"fixed":false,"type":"DHCPClient","ifacepos":0},{"app":{"version":1,"id":"DNSClient","ifacepos":0},"port":-1,"fixed":false,"type":"DNSClient","ifacepos":0},{"app":{"version":1,"id":"HTTPClient","ifacepos":0},"port":-1,"fixed":false,"type":"HTTPClient","ifacepos":0}],"name":"computer 87","group":"Home B"},{"version":1,"id":95,"type":"dnsserver","drawable":{"version":1,"id":99,"X":332,"Y":123},"connectable":{"version":1,"id":96,"connectors":[{"version":1,"id":98}],"macaddresses":["34:21:1B:AA:9E:78"],"ipinfos":[{"IPv4":1095773443,"DNS1":null,"DNS2":null,"netmask":-256,"static":true}],"macmode":1,"ipmode":1,"trafficManager":{"version":1,"id":97,"limitbroadcast":true,"performNAT":false,"NATtable":[]},"gateways":{"defaultgw":"65.80.45.4","gateways":[]},"performNAT":false},"ports":1,"apps":[{"app":{"version":1,"id":"DNSServer","ifacepos":0,"dnstable":[{"domain":"mydomain.com","ip":"65.80.45.5"},{"domain":"www.facebro.com","ip":"80.56.34.2"},{"domain":"email.facebro.com","ip":"80.56.34.3"},{"domain":"www.providerb.net","ip":"80.110.1.2"},{"domain":"school.com","ip":"80.110.1.4"}],"forwarder":null},"port":53,"fixed":true,"type":"DNSServer","ifacepos":0}],"name":"dnsserver 95","group":"Provider A"},{"version":1,"id":103,"type":"router","drawable":{"version":1,"id":108,"X":463,"Y":248},"connectable":{"version":1,"id":104,"connectors":[{"version":1,"id":106},{"version":1,"id":107}],"macaddresses":["F9:60:69:21:4A:34","72:D1:E4:74:45:D0"],"ipinfos":[{"IPv4":940247553,"DNS1":null,"DNS2":null,"netmask":-256,"static":true},{"IPv4":1095773444,"DNS1":null,"DNS2":null,"netmask":-256,"static":true}],"macmode":1,"ipmode":1,"trafficManager":{"version":1,"id":105,"limitbroadcast":true,"performNAT":false,"NATtable":[]},"gateways":{"defaultgw":"56.11.10.2","gateways":[{"dst":"80.56.34.0","gw":"65.80.45.6","mask":"255.255.255.0"}]},"performNAT":false},"ports":2,"apps":[],"name":"router 103","group":"Provider A"},{"version":1,"id":112,"type":"httpserver","drawable":{"version":1,"id":116,"X":476,"Y":125},"connectable":{"version":1,"id":113,"connectors":[{"version":1,"id":115}],"macaddresses":["09:75:F8:E4:E1:04"],"ipinfos":[{"IPv4":1095773445,"DNS1":null,"DNS2":null,"netmask":-256,"static":true}],"macmode":1,"ipmode":1,"trafficManager":{"version":1,"id":114,"limitbroadcast":true,"performNAT":false,"NATtable":[]},"gateways":{"defaultgw":"65.80.45.4","gateways":[]},"performNAT":false},"ports":1,"apps":[{"app":{"version":1,"id":"HTTPServer","ifacepos":0,"domains":[{"domain":"mydomain.com","files":[{"filename":"index.html","contents":"<h3 style='color:#FF0000'>Welcome to my website!</h3><p style='color:blue'> This is the content of this web \npage</p>"},{"filename":"gallery.html","contents":"This is my photo gallery... with no photos!"}]}]},"port":80,"fixed":true,"type":"HTTPServer","ifacepos":0}],"name":"httpserver 112","group":"Provider A"},{"version":1,"id":120,"type":"router","drawable":{"version":1,"id":125,"X":309,"Y":333},"connectable":{"version":1,"id":121,"connectors":[{"version":1,"id":123},{"version":1,"id":124}],"macaddresses":["93:53:48:2D:38:FD","44:95:04:AA:23:10"],"ipinfos":[{"IPv4":1095773446,"DNS1":null,"DNS2":null,"netmask":-256,"static":true},{"IPv4":1345856001,"DNS1":null,"DNS2":null,"netmask":-256,"static":true}],"macmode":1,"ipmode":1,"trafficManager":{"version":1,"id":122,"limitbroadcast":true,"performNAT":false,"NATtable":[]},"gateways":{"defaultgw":"65.80.45.4","gateways":[]},"performNAT":false},"ports":2,"apps":[],"name":"router 120","group":"Facebro"},{"version":1,"id":127,"type":"switch","drawable":{"version":1,"id":138,"X":325,"Y":433},"connectable":{"version":1,"id":128,"connectors":[{"version":1,"id":130},{"version":1,"id":131},{"version":1,"id":132},{"version":1,"id":133},{"version":1,"id":134},{"version":1,"id":135},{"version":1,"id":136},{"version":1,"id":137}],"macaddresses":["0E:7B:EB:5D:BF:1A"],"ipinfos":[],"macmode":0,"ipmode":2,"trafficManager":{"version":1,"id":129,"limitbroadcast":false,"performNAT":false,"NATtable":[]},"gateways":{"defaultgw":null,"gateways":[]},"performNAT":false},"ports":8,"apps":[],"name":"switch 127","group":"Facebro"},{"version":1,"id":140,"type":"httpserver","drawable":{"version":1,"id":144,"X":489,"Y":331},"connectable":{"version":1,"id":141,"connectors":[{"version":1,"id":143}],"macaddresses":["C8:FD:8B:F2:F9:68"],"ipinfos":[{"IPv4":1345856002,"DNS1":null,"DNS2":null,"netmask":-256,"static":true}],"macmode":1,"ipmode":1,"trafficManager":{"version":1,"id":142,"limitbroadcast":true,"performNAT":false,"NATtable":[]},"gateways":{"defaultgw":"80.56.34.1","gateways":[]},"performNAT":false},"ports":1,"apps":[{"app":{"version":1,"id":"HTTPServer","ifacepos":0,"domains":[{"domain":"www.facebro.com","files":[{"filename":"index.html","contents":"Welcome to...\n\n</h2>Facebro.com</h2>"}]}]},"port":80,"fixed":true,"type":"HTTPServer","ifacepos":0}],"name":"httpserver 140","group":"Facebro"},{"version":1,"id":146,"type":"httpserver","drawable":{"version":1,"id":150,"X":486,"Y":426},"connectable":{"version":1,"id":147,"connectors":[{"version":1,"id":149}],"macaddresses":["B2:6A:A3:92:84:CF"],"ipinfos":[{"IPv4":1345856003,"DNS1":null,"DNS2":null,"netmask":-256,"static":true}],"macmode":1,"ipmode":1,"trafficManager":{"version":1,"id":148,"limitbroadcast":true,"performNAT":false,"NATtable":[]},"gateways":{"defaultgw":"80.56.34.1","gateways":[]},"performNAT":false},"ports":1,"apps":[{"app":{"version":1,"id":"HTTPServer","ifacepos":0,"domains":[{"domain":"email.facebro.com","files":[{"filename":"email.html","contents":"This is the email system of <strong>Facebro.com</strong>."}]}]},"port":80,"fixed":true,"type":"HTTPServer","ifacepos":0}],"name":"httpserver 146","group":"Facebro"},{"version":1,"id":160,"type":"switch","drawable":{"version":1,"id":171,"X":600,"Y":256},"connectable":{"version":1,"id":161,"connectors":[{"version":1,"id":163},{"version":1,"id":164},{"version":1,"id":165},{"version":1,"id":166},{"version":1,"id":167},{"version":1,"id":168},{"version":1,"id":169},{"version":1,"id":170}],"macaddresses":["89:F3:22:F1:2F:AA"],"ipinfos":[],"macmode":0,"ipmode":2,"trafficManager":{"version":1,"id":162,"limitbroadcast":false,"performNAT":false,"NATtable":[]},"gateways":{"defaultgw":null,"gateways":[]},"performNAT":false},"ports":8,"apps":[],"name":"switch 160","group":null},{"version":1,"id":175,"type":"router","drawable":{"version":1,"id":180,"X":693,"Y":246},"connectable":{"version":1,"id":176,"connectors":[{"version":1,"id":178},{"version":1,"id":179}],"macaddresses":["39:DF:53:10:44:CB","97:CE:60:19:68:32"],"ipinfos":[{"IPv4":940247554,"DNS1":null,"DNS2":null,"netmask":-256,"static":true},{"IPv4":1349386497,"DNS1":null,"DNS2":null,"netmask":-256,"static":true}],"macmode":1,"ipmode":1,"trafficManager":{"version":1,"id":177,"limitbroadcast":true,"performNAT":false,"NATtable":[]},"gateways":{"defaultgw":"56.11.10.1","gateways":[]},"performNAT":false},"ports":2,"apps":[],"name":"router 175","group":"Provider B"},{"version":1,"id":188,"type":"dnsserver","drawable":{"version":1,"id":192,"X":811,"Y":105},"connectable":{"version":1,"id":189,"connectors":[{"version":1,"id":191}],"macaddresses":["E4:DA:D7:37:61:C0"],"ipinfos":[{"IPv4":167772162,"DNS1":null,"DNS2":null,"netmask":-256,"static":true}],"macmode":1,"ipmode":1,"trafficManager":{"version":1,"id":190,"limitbroadcast":true,"performNAT":false,"NATtable":[]},"gateways":{"defaultgw":"10.0.0.1","gateways":[]},"performNAT":false},"ports":1,"apps":[{"app":{"version":1,"id":"DNSServer","ifacepos":0,"dnstable":[],"forwarder":"65.80.45.3"},"port":53,"fixed":true,"type":"DNSServer","ifacepos":0}],"name":"dnsserver 188","group":"Provider B"},{"version":1,"id":194,"type":"switch","drawable":{"version":1,"id":205,"X":811,"Y":256},"connectable":{"version":1,"id":195,"connectors":[{"version":1,"id":197},{"version":1,"id":198},{"version":1,"id":199},{"version":1,"id":200},{"version":1,"id":201},{"version":1,"id":202},{"version":1,"id":203},{"version":1,"id":204}],"macaddresses":["6D:D6:68:18:89:01"],"ipinfos":[],"macmode":0,"ipmode":2,"trafficManager":{"version":1,"id":196,"limitbroadcast":false,"performNAT":false,"NATtable":[]},"gateways":{"defaultgw":null,"gateways":[]},"performNAT":false},"ports":8,"apps":[],"name":"switch 194","group":"Provider B"},{"version":1,"id":207,"type":"httpserver","drawable":{"version":1,"id":211,"X":808,"Y":17},"connectable":{"version":1,"id":208,"connectors":[{"version":1,"id":210}],"macaddresses":["07:AF:E1:68:00:B7"],"ipinfos":[{"IPv4":167772163,"DNS1":null,"DNS2":null,"netmask":-256,"static":true}],"macmode":1,"ipmode":1,"trafficManager":{"version":1,"id":209,"limitbroadcast":true,"performNAT":false,"NATtable":[]},"gateways":{"defaultgw":"10.0.0.1","gateways":[]},"performNAT":false},"ports":1,"apps":[{"app":{"version":1,"id":"HTTPServer","ifacepos":0,"domains":[{"domain":"www.providerb.net","files":[{"filename":"index.html","contents":"Switch to our compaty to get better prices!"}]}]},"port":80,"fixed":true,"type":"HTTPServer","ifacepos":0}],"name":"httpserver 207","group":"Provider B"},{"version":1,"id":213,"type":"router","drawable":{"version":1,"id":218,"X":711,"Y":149},"connectable":{"version":1,"id":214,"connectors":[{"version":1,"id":216},{"version":1,"id":217}],"macaddresses":["CA:9E:64:3A:65:6B","07:76:C3:DF:97:50"],"ipinfos":[{"IPv4":1349386498,"DNS1":null,"DNS2":null,"netmask":-256,"static":true},{"IPv4":167772161,"DNS1":null,"DNS2":null,"netmask":-256,"static":true}],"macmode":1,"ipmode":1,"trafficManager":{"version":1,"id":215,"limitbroadcast":true,"performNAT":true,"NATtable":[{"ip":"10.0.0.2","newport":"53","port":"53","originIface":"0","fixed":true},{"ip":"10.0.0.3","newport":"80","port":"80","originIface":"0","fixed":true}]},"gateways":{"defaultgw":"80.110.1.1","gateways":[]},"performNAT":true},"ports":2,"apps":[],"name":"router 213","group":"Provider B"},{"version":1,"id":220,"type":"switch","drawable":{"version":1,"id":231,"X":720,"Y":82},"connectable":{"version":1,"id":221,"connectors":[{"version":1,"id":223},{"version":1,"id":224},{"version":1,"id":225},{"version":1,"id":226},{"version":1,"id":227},{"version":1,"id":228},{"version":1,"id":229},{"version":1,"id":230}],"macaddresses":["BC:D2:F8:F3:2F:CE"],"ipinfos":[],"macmode":0,"ipmode":2,"trafficManager":{"version":1,"id":222,"limitbroadcast":false,"performNAT":false,"NATtable":[]},"gateways":{"defaultgw":null,"gateways":[]},"performNAT":false},"ports":8,"apps":[],"name":"switch 220","group":"Provider B"},{"version":1,"id":245,"type":"router","drawable":{"version":1,"id":250,"X":966,"Y":174},"connectable":{"version":1,"id":246,"connectors":[{"version":1,"id":248},{"version":1,"id":249}],"macaddresses":["83:DF:C0:15:D9:79","23:7C:D8:7C:DC:8B"],"ipinfos":[{"IPv4":1349386499,"DNS1":null,"DNS2":null,"netmask":-256,"static":true},{"IPv4":167772161,"DNS1":null,"DNS2":null,"netmask":-256,"static":true}],"macmode":1,"ipmode":1,"trafficManager":{"version":1,"id":247,"limitbroadcast":true,"performNAT":true,"NATtable":[]},"gateways":{"defaultgw":null,"gateways":[]},"performNAT":true},"ports":2,"apps":[],"name":"router 245","group":"Home C"},{"version":1,"id":252,"type":"computer","drawable":{"version":1,"id":256,"X":988,"Y":30},"connectable":{"version":1,"id":253,"connectors":[{"version":1,"id":255}],"macaddresses":["F3:AF:C7:9D:43:EA"],"ipinfos":[{"IPv4":null,"DNS1":null,"DNS2":null,"netmask":null,"static":false}],"macmode":1,"ipmode":1,"trafficManager":{"version":1,"id":254,"limitbroadcast":true,"performNAT":false,"NATtable":[]},"gateways":{"defaultgw":null,"gateways":[]},"performNAT":false},"ports":1,"apps":[{"app":{"version":1,"id":"DHCPClient","ifacepos":0},"port":-1,"fixed":false,"type":"DHCPClient","ifacepos":0},{"app":{"version":1,"id":"DNSClient","ifacepos":0},"port":-1,"fixed":false,"type":"DNSClient","ifacepos":0},{"app":{"version":1,"id":"HTTPClient","ifacepos":0},"port":-1,"fixed":false,"type":"HTTPClient","ifacepos":0}],"name":"computer 252","group":"Home C"},{"version":1,"id":258,"type":"computer","drawable":{"version":1,"id":262,"X":1104,"Y":36},"connectable":{"version":1,"id":259,"connectors":[{"version":1,"id":261}],"macaddresses":["FD:64:CC:F2:50:CD"],"ipinfos":[{"IPv4":null,"DNS1":null,"DNS2":null,"netmask":null,"static":false}],"macmode":1,"ipmode":1,"trafficManager":{"version":1,"id":260,"limitbroadcast":true,"performNAT":false,"NATtable":[]},"gateways":{"defaultgw":null,"gateways":[]},"performNAT":false},"ports":1,"apps":[{"app":{"version":1,"id":"DHCPClient","ifacepos":0},"port":-1,"fixed":false,"type":"DHCPClient","ifacepos":0},{"app":{"version":1,"id":"DNSClient","ifacepos":0},"port":-1,"fixed":false,"type":"DNSClient","ifacepos":0},{"app":{"version":1,"id":"HTTPClient","ifacepos":0},"port":-1,"fixed":false,"type":"HTTPClient","ifacepos":0}],"name":"computer 258","group":"Home C"},{"version":1,"id":264,"type":"switch","drawable":{"version":1,"id":275,"X":983,"Y":116},"connectable":{"version":1,"id":265,"connectors":[{"version":1,"id":267},{"version":1,"id":268},{"version":1,"id":269},{"version":1,"id":270},{"version":1,"id":271},{"version":1,"id":272},{"version":1,"id":273},{"version":1,"id":274}],"macaddresses":["4B:9B:6A:9B:DC:DA"],"ipinfos":[],"macmode":0,"ipmode":2,"trafficManager":{"version":1,"id":266,"limitbroadcast":false,"performNAT":false,"NATtable":[]},"gateways":{"defaultgw":null,"gateways":[]},"performNAT":false},"ports":8,"apps":[],"name":"switch 264","group":"Home C"},{"version":1,"id":277,"type":"dhcpserver","drawable":{"version":1,"id":281,"X":1117,"Y":133},"connectable":{"version":1,"id":278,"connectors":[{"version":1,"id":280}],"macaddresses":["8F:29:D9:8F:FF:A3"],"ipinfos":[{"IPv4":null,"DNS1":null,"DNS2":null,"netmask":null,"static":false}],"macmode":1,"ipmode":1,"trafficManager":{"version":1,"id":279,"limitbroadcast":true,"performNAT":false,"NATtable":[]},"gateways":{"defaultgw":null,"gateways":[]},"performNAT":false},"ports":1,"apps":[{"app":{"version":1,"id":"DHCPServer","ifacepos":0,"initial":100,"end":200,"gateway":null,"dns1":null,"dns2":null},"port":67,"fixed":true,"type":"DHCPServer","ifacepos":0}],"name":"dhcpserver 277","group":"Home C"},{"version":1,"id":293,"type":"router","drawable":{"version":1,"id":298,"X":1016,"Y":336},"connectable":{"version":1,"id":294,"connectors":[{"version":1,"id":296},{"version":1,"id":297}],"macaddresses":["9B:BE:B8:FB:B4:4C","3D:0E:86:5C:C4:A4"],"ipinfos":[{"IPv4":1349386500,"DNS1":null,"DNS2":null,"netmask":-256,"static":true},{"IPv4":-1062731519,"DNS1":null,"DNS2":null,"netmask":-256,"static":true}],"macmode":1,"ipmode":1,"trafficManager":{"version":1,"id":295,"limitbroadcast":true,"performNAT":true,"NATtable":[{"ip":"192.168.1.2","newport":"80","port":"80","originIface":"0","fixed":true}]},"gateways":{"defaultgw":"80.110.1.1","gateways":[{"dst":"192.168.245.0","gw":"192.168.1.245","mask":"255.255.255.0"}]},"performNAT":true},"ports":2,"apps":[],"name":"router 293","group":"School"},{"version":1,"id":300,"type":"switch","drawable":{"version":1,"id":311,"X":1028,"Y":426},"connectable":{"version":1,"id":301,"connectors":[{"version":1,"id":303},{"version":1,"id":304},{"version":1,"id":305},{"version":1,"id":306},{"version":1,"id":307},{"version":1,"id":308},{"version":1,"id":309},{"version":1,"id":310}],"macaddresses":["7D:DA:61:3F:95:B4"],"ipinfos":[],"macmode":0,"ipmode":2,"trafficManager":{"version":1,"id":302,"limitbroadcast":false,"performNAT":false,"NATtable":[]},"gateways":{"defaultgw":null,"gateways":[]},"performNAT":false},"ports":8,"apps":[],"name":"switch 300","group":"School"},{"version":1,"id":313,"type":"dhcpserver","drawable":{"version":1,"id":317,"X":673,"Y":343},"connectable":{"version":1,"id":314,"connectors":[{"version":1,"id":316}],"macaddresses":["E5:E2:AF:C9:D8:49"],"ipinfos":[{"IPv4":-1062670334,"DNS1":null,"DNS2":null,"netmask":-256,"static":true}],"macmode":1,"ipmode":1,"trafficManager":{"version":1,"id":315,"limitbroadcast":true,"performNAT":false,"NATtable":[]},"gateways":{"defaultgw":"192.168.240.1","gateways":[]},"performNAT":false},"ports":1,"apps":[{"app":{"version":1,"id":"DHCPServer","ifacepos":0,"initial":"100","end":"200","gateway":"192.168.240.1","dns1":"192.168.1.3","dns2":""},"port":67,"fixed":true,"type":"DHCPServer","ifacepos":0}],"name":"dhcpserver 313","group":"School"},{"version":1,"id":319,"type":"dnsserver","drawable":{"version":1,"id":323,"X":1152,"Y":331},"connectable":{"version":1,"id":320,"connectors":[{"version":1,"id":322}],"macaddresses":["4D:8A:9A:E3:A1:FB"],"ipinfos":[{"IPv4":-1062731517,"DNS1":null,"DNS2":null,"netmask":-256,"static":true}],"macmode":1,"ipmode":1,"trafficManager":{"version":1,"id":321,"limitbroadcast":true,"performNAT":false,"NATtable":[]},"gateways":{"defaultgw":"192.168.1.1","gateways":[]},"performNAT":false},"ports":1,"apps":[{"app":{"version":1,"id":"DNSServer","ifacepos":0,"dnstable":[{"domain":"school.com","ip":"192.168.1.2"}],"forwarder":"65.80.45.3"},"port":53,"fixed":true,"type":"DNSServer","ifacepos":0}],"name":"dnsserver 319","group":"School"},{"version":1,"id":325,"type":"httpserver","drawable":{"version":1,"id":329,"X":1152,"Y":431},"connectable":{"version":1,"id":326,"connectors":[{"version":1,"id":328}],"macaddresses":["4A:85:F8:AB:2F:1C"],"ipinfos":[{"IPv4":-1062731518,"DNS1":null,"DNS2":null,"netmask":-256,"static":true}],"macmode":1,"ipmode":1,"trafficManager":{"version":1,"id":327,"limitbroadcast":true,"performNAT":false,"NATtable":[]},"gateways":{"defaultgw":"192.168.1.1","gateways":[]},"performNAT":false},"ports":1,"apps":[{"app":{"version":1,"id":"HTTPServer","ifacepos":0,"domains":[{"domain":"school.com","files":[{"filename":"index.html","contents":"Welcome to the best school in the world!"}]}]},"port":80,"fixed":true,"type":"HTTPServer","ifacepos":0}],"name":"httpserver 325","group":"School"},{"version":1,"id":331,"type":"computer","drawable":{"version":1,"id":335,"X":1143,"Y":536},"connectable":{"version":1,"id":332,"connectors":[{"version":1,"id":334}],"macaddresses":["95:13:0E:D0:45:E4"],"ipinfos":[{"IPv4":-1062731510,"DNS1":-1062731517,"DNS2":null,"netmask":-256,"static":true}],"macmode":1,"ipmode":1,"trafficManager":{"version":1,"id":333,"limitbroadcast":true,"performNAT":false,"NATtable":[]},"gateways":{"defaultgw":"192.168.1.1","gateways":[]},"performNAT":false},"ports":1,"apps":[{"app":{"version":1,"id":"DHCPClient","ifacepos":0},"port":-1,"fixed":false,"type":"DHCPClient","ifacepos":0},{"app":{"version":1,"id":"DNSClient","ifacepos":0},"port":-1,"fixed":false,"type":"DNSClient","ifacepos":0},{"app":{"version":1,"id":"HTTPClient","ifacepos":0},"port":-1,"fixed":false,"type":"HTTPClient","ifacepos":0}],"name":"computer 331","group":"School"},{"version":1,"id":337,"type":"computer","drawable":{"version":1,"id":341,"X":770,"Y":451},"connectable":{"version":1,"id":338,"connectors":[{"version":1,"id":340}],"macaddresses":["35:00:6C:E8:B4:D0"],"ipinfos":[{"IPv4":null,"DNS1":null,"DNS2":null,"netmask":null,"static":false}],"macmode":1,"ipmode":1,"trafficManager":{"version":1,"id":339,"limitbroadcast":true,"performNAT":false,"NATtable":[]},"gateways":{"defaultgw":null,"gateways":[]},"performNAT":false},"ports":1,"apps":[{"app":{"version":1,"id":"DHCPClient","ifacepos":0},"port":-1,"fixed":false,"type":"DHCPClient","ifacepos":0},{"app":{"version":1,"id":"DNSClient","ifacepos":0},"port":-1,"fixed":false,"type":"DNSClient","ifacepos":0},{"app":{"version":1,"id":"HTTPClient","ifacepos":0},"port":-1,"fixed":false,"type":"HTTPClient","ifacepos":0}],"name":"computer 337","group":"School"},{"version":1,"id":343,"type":"router","drawable":{"version":1,"id":348,"X":886,"Y":447},"connectable":{"version":1,"id":344,"connectors":[{"version":1,"id":346},{"version":1,"id":347}],"macaddresses":["F9:EC:94:F2:96:A1","1E:B1:14:19:1B:5F"],"ipinfos":[{"IPv4":-1062731275,"DNS1":null,"DNS2":null,"netmask":-256,"static":true},{"IPv4":-1062669055,"DNS1":null,"DNS2":null,"netmask":-256,"static":true}],"macmode":1,"ipmode":1,"trafficManager":{"version":1,"id":345,"limitbroadcast":true,"performNAT":false,"NATtable":[]},"gateways":{"defaultgw":"192.168.1.1","gateways":[]},"performNAT":false},"ports":2,"apps":[],"name":"router 343","group":"School"},{"version":1,"id":350,"type":"router","drawable":{"version":1,"id":355,"X":863,"Y":346},"connectable":{"version":1,"id":351,"connectors":[{"version":1,"id":353},{"version":1,"id":354}],"macaddresses":["5F:3A:85:9D:67:51","4C:31:49:13:BC:41"],"ipinfos":[{"IPv4":-1062731280,"DNS1":null,"DNS2":null,"netmask":-256,"static":true},{"IPv4":-1062670335,"DNS1":null,"DNS2":null,"netmask":-256,"static":true}],"macmode":1,"ipmode":1,"trafficManager":{"version":1,"id":352,"limitbroadcast":true,"performNAT":true,"NATtable":[]},"gateways":{"defaultgw":"192.168.1.1","gateways":[]},"performNAT":true},"ports":2,"apps":[],"name":"router 350","group":"School"},{"version":1,"id":357,"type":"computer","drawable":{"version":1,"id":361,"X":671,"Y":448},"connectable":{"version":1,"id":358,"connectors":[{"version":1,"id":360}],"macaddresses":["42:F0:8D:0F:C5:D6"],"ipinfos":[{"IPv4":null,"DNS1":null,"DNS2":null,"netmask":null,"static":false}],"macmode":1,"ipmode":1,"trafficManager":{"version":1,"id":359,"limitbroadcast":true,"performNAT":false,"NATtable":[]},"gateways":{"defaultgw":"192.168.240.1","gateways":[]},"performNAT":false},"ports":1,"apps":[{"app":{"version":1,"id":"DHCPClient","ifacepos":0},"port":-1,"fixed":false,"type":"DHCPClient","ifacepos":0},{"app":{"version":1,"id":"DNSClient","ifacepos":0},"port":-1,"fixed":false,"type":"DNSClient","ifacepos":0},{"app":{"version":1,"id":"HTTPClient","ifacepos":0},"port":-1,"fixed":false,"type":"HTTPClient","ifacepos":0}],"name":"computer 357","group":"School"},{"version":1,"id":363,"type":"switch","drawable":{"version":1,"id":374,"X":753,"Y":356},"connectable":{"version":1,"id":364,"connectors":[{"version":1,"id":366},{"version":1,"id":367},{"version":1,"id":368},{"version":1,"id":369},{"version":1,"id":370},{"version":1,"id":371},{"version":1,"id":372},{"version":1,"id":373}],"macaddresses":["80:BD:A6:72:BD:6D"],"ipinfos":[],"macmode":0,"ipmode":2,"trafficManager":{"version":1,"id":365,"limitbroadcast":false,"performNAT":false,"NATtable":[]},"gateways":{"defaultgw":null,"gateways":[]},"performNAT":false},"ports":8,"apps":[],"name":"switch 363","group":"School"},{"version":1,"id":376,"type":"switch","drawable":{"version":1,"id":387,"X":899,"Y":547},"connectable":{"version":1,"id":377,"connectors":[{"version":1,"id":379},{"version":1,"id":380},{"version":1,"id":381},{"version":1,"id":382},{"version":1,"id":383},{"version":1,"id":384},{"version":1,"id":385},{"version":1,"id":386}],"macaddresses":["A5:21:3E:56:52:9F"],"ipinfos":[],"macmode":0,"ipmode":2,"trafficManager":{"version":1,"id":378,"limitbroadcast":false,"performNAT":false,"NATtable":[]},"gateways":{"defaultgw":null,"gateways":[]},"performNAT":false},"ports":8,"apps":[],"name":"switch 376","group":"School"},{"version":1,"id":389,"type":"computer","drawable":{"version":1,"id":393,"X":1023,"Y":535},"connectable":{"version":1,"id":390,"connectors":[{"version":1,"id":392}],"macaddresses":["05:2C:70:D2:09:74"],"ipinfos":[{"IPv4":-1062669053,"DNS1":-1062731517,"DNS2":null,"netmask":-256,"static":true}],"macmode":1,"ipmode":1,"trafficManager":{"version":1,"id":391,"limitbroadcast":true,"performNAT":false,"NATtable":[]},"gateways":{"defaultgw":"192.168.245.1","gateways":[]},"performNAT":false},"ports":1,"apps":[{"app":{"version":1,"id":"DHCPClient","ifacepos":0},"port":-1,"fixed":false,"type":"DHCPClient","ifacepos":0},{"app":{"version":1,"id":"DNSClient","ifacepos":0},"port":-1,"fixed":false,"type":"DNSClient","ifacepos":0},{"app":{"version":1,"id":"HTTPClient","ifacepos":0},"port":-1,"fixed":false,"type":"HTTPClient","ifacepos":0}],"name":"computer 389","group":"School"},{"version":1,"id":395,"type":"computer","drawable":{"version":1,"id":399,"X":798,"Y":538},"connectable":{"version":1,"id":396,"connectors":[{"version":1,"id":398}],"macaddresses":["95:4E:66:87:2D:E1"],"ipinfos":[{"IPv4":-1062669054,"DNS1":-1062731517,"DNS2":null,"netmask":-256,"static":true}],"macmode":1,"ipmode":1,"trafficManager":{"version":1,"id":397,"limitbroadcast":true,"performNAT":false,"NATtable":[]},"gateways":{"defaultgw":"192.168.245.1","gateways":[]},"performNAT":false},"ports":1,"apps":[{"app":{"version":1,"id":"DHCPClient","ifacepos":0},"port":-1,"fixed":false,"type":"DHCPClient","ifacepos":0},{"app":{"version":1,"id":"DNSClient","ifacepos":0},"port":-1,"fixed":false,"type":"DNSClient","ifacepos":0},{"app":{"version":1,"id":"HTTPClient","ifacepos":0},"port":-1,"fixed":false,"type":"HTTPClient","ifacepos":0}],"name":"computer 395","group":"School"},{"version":1,"id":433,"type":"computer","drawable":{"version":1,"id":437,"X":407,"Y":499},"connectable":{"version":1,"id":434,"connectors":[{"version":1,"id":436}],"macaddresses":["28:15:86:D6:30:1F"],"ipinfos":[{"IPv4":1345856010,"DNS1":1095773443,"DNS2":null,"netmask":-256,"static":true}],"macmode":1,"ipmode":1,"trafficManager":{"version":1,"id":435,"limitbroadcast":true,"performNAT":false,"NATtable":[]},"gateways":{"defaultgw":"80.56.34.1","gateways":[]},"performNAT":false},"ports":1,"apps":[{"app":{"version":1,"id":"DHCPClient","ifacepos":0},"port":-1,"fixed":false,"type":"DHCPClient","ifacepos":0},{"app":{"version":1,"id":"DNSClient","ifacepos":0},"port":-1,"fixed":false,"type":"DNSClient","ifacepos":0},{"app":{"version":1,"id":"HTTPClient","ifacepos":0},"port":-1,"fixed":false,"type":"HTTPClient","ifacepos":0}],"name":"computer 433","group":"Facebro"}],"links":[{"version":1,"id":40,"connector1":37,"connector2":23},{"version":1,"id":42,"connector1":24,"connector2":17},{"version":1,"id":44,"connector1":25,"connector2":5},{"version":1,"id":46,"connector1":26,"connector2":11},{"version":1,"id":61,"connector1":51,"connector2":36},{"version":1,"id":70,"connector1":52,"connector2":66},{"version":1,"id":85,"connector1":75,"connector2":67},{"version":1,"id":93,"connector1":90,"connector2":76},{"version":1,"id":101,"connector1":98,"connector2":53},{"version":1,"id":110,"connector1":107,"connector2":54},{"version":1,"id":118,"connector1":115,"connector2":55},{"version":1,"id":152,"connector1":123,"connector2":56},{"version":1,"id":154,"connector1":124,"connector2":130},{"version":1,"id":156,"connector1":131,"connector2":143},{"version":1,"id":158,"connector1":132,"connector2":149},{"version":1,"id":173,"connector1":163,"connector2":106},{"version":1,"id":237,"connector1":198,"connector2":216},{"version":1,"id":239,"connector1":217,"connector2":223},{"version":1,"id":241,"connector1":224,"connector2":210},{"version":1,"id":243,"connector1":225,"connector2":191},{"version":1,"id":283,"connector1":199,"connector2":248},{"version":1,"id":285,"connector1":249,"connector2":267},{"version":1,"id":287,"connector1":268,"connector2":255},{"version":1,"id":289,"connector1":269,"connector2":261},{"version":1,"id":291,"connector1":270,"connector2":280},{"version":1,"id":401,"connector1":200,"connector2":296},{"version":1,"id":403,"connector1":297,"connector2":303},{"version":1,"id":405,"connector1":304,"connector2":322},{"version":1,"id":407,"connector1":305,"connector2":328},{"version":1,"id":409,"connector1":306,"connector2":334},{"version":1,"id":411,"connector1":307,"connector2":353},{"version":1,"id":413,"connector1":308,"connector2":346},{"version":1,"id":415,"connector1":354,"connector2":366},{"version":1,"id":417,"connector1":367,"connector2":316},{"version":1,"id":419,"connector1":368,"connector2":360},{"version":1,"id":421,"connector1":369,"connector2":340},{"version":1,"id":423,"connector1":347,"connector2":379},{"version":1,"id":425,"connector1":380,"connector2":398},{"version":1,"id":427,"connector1":381,"connector2":392},{"version":1,"id":429,"connector1":178,"connector2":164},{"version":1,"id":431,"connector1":179,"connector2":201},{"version":1,"id":439,"connector1":436,"connector2":133}]}